time, closedLoopError, fmsColor, currentColor, distance, RGB, colorDirectionCalc, demand, colorMotorPidOn, colorWheelReading, state, wantStop, stateLock, currentState, t_start
317.702252, 0.0, U, U, 0.0, 0 0 0 , 0, 0.0, false, false, -1, true, false, null, 0.0
317.711904, 0.0, U, U, 0.0, 0 0 0 , 0, 0.0, false, false, -1, true, false, null, 0.0
317.722178, 0.0, U, U, 0.0, 0 0 0 , 0, 0.0, false, false, -1, true, false, null, 0.0
317.731849, 0.0, U, U, 0.0, 0 0 0 , 0, 0.0, false, false, -1, true, false, null, 0.0
317.741858, 0.0, U, U, 0.0, 0 0 0 , 0, 0.0, false, false, -1, true, false, null, 0.0
317.75198, 0.0, U, U, 0.0, 0 0 0 , 0, 0.0, false, false, -1, true, false, null, 0.0
317.762749, 0.0, U, U, 0.0, 0 0 0 , 0, 0.0, false, false, -1, true, false, null, 0.0
317.771649, 0.0, U, U, 0.0, 0 0 0 , 0, 0.0, false, false, -1, true, false, null, 0.0
317.781682, 0.0, U, U, 0.0, 0 0 0 , 0, 0.0, false, false, -1, true, false, null, 0.0
317.791802, 0.0, U, U, 0.0, 0 0 0 , 0, 0.0, false, false, -1, true, false, null, 0.0
317.801653, 0.0, U, U, 0.0, 0 0 0 , 0, 0.0, false, false, -1, true, false, null, 0.0
317.811728, 0.0, U, U, 0.0, 0 0 0 , 0, 0.0, false, false, -1, true, false, null, 0.0
317.821574, 0.0, U, U, 0.0, 0 0 0 , 0, 0.0, false, false, -1, true, false, null, 0.0
317.832665, 0.0, U, U, 0.0, 0 0 0 , 0, 0.0, false, false, -1, true, false, null, 0.0
317.841659, 0.0, U, U, 0.0, 0 0 0 , 0, 0.0, false, false, -1, true, false, null, 0.0
317.851835, 0.0, U, U, 0.0, 0 0 0 , 0, 0.0, false, false, -1, true, false, null, 0.0
317.861608, 0.0, U, U, 0.0, 0 0 0 , 0, 0.0, false, false, -1, true, false, null, 0.0
317.871442, 0.0, U, U, 0.0, 0 0 0 , 0, 0.0, false, false, -1, true, false, null, 0.0
317.881475, 0.0, U, U, 0.0, 0 0 0 , 0, 0.0, false, false, -1, true, false, null, 0.0
317.891878, 0.0, U, U, 0.0, 0 0 0 , 0, 0.0, false, false, -1, true, false, null, 0.0
317.901638, 0.0, U, U, 0.0, 0 0 0 , 0, 0.0, false, false, -1, true, false, null, 0.0
317.912771, 0.0, U, U, 0.0, 0 0 0 , 0, 0.0, false, false, -1, true, false, null, 0.0
317.922765, 0.0, U, U, 0.0, 0 0 0 , 0, 0.0, false, false, -1, true, false, null, 0.0
317.932622, 0.0, U, U, 0.0, 0 0 0 , 0, 0.0, false, false, -1, true, false, null, 0.0
317.941639, 0.0, U, U, 0.0, 0 0 0 , 0, 0.0, false, false, -1, true, false, null, 0.0
317.952894, 0.0, U, U, 0.0, 0 0 0 , 0, 0.0, false, false, -1, true, false, null, 0.0
317.961426, 0.0, U, U, 0.0, 0 0 0 , 0, 0.0, false, false, -1, true, false, null, 0.0
317.971307, 0.0, U, U, 0.0, 0 0 0 , 0, 0.0, false, false, -1, true, false, null, 0.0
317.981298, 0.0, U, U, 0.0, 0 0 0 , 0, 0.0, false, false, -1, true, false, null, 0.0
317.991434, 0.0, U, U, 0.0, 0 0 0 , 0, 0.0, false, false, -1, true, false, null, 0.0
318.001218, 0.0, U, U, 0.0, 0 0 0 , 0, 0.0, false, false, -1, true, false, null, 0.0
318.011206, 0.0, U, U, 0.0, 0 0 0 , 0, 0.0, false, false, -1, true, false, null, 0.0
318.022181, 0.0, U, U, 0.0, 0 0 0 , 0, 0.0, false, false, -1, true, false, null, 0.0
318.032053, 0.0, U, U, 0.0, 0 0 0 , 0, 0.0, false, false, -1, true, false, null, 0.0
318.042273, 0.0, U, U, 0.0, 0 0 0 , 0, 0.0, false, false, -1, true, false, null, 0.0
318.052144, 0.0, U, U, 0.0, 0 0 0 , 0, 0.0, false, false, -1, true, false, null, 0.0
318.061054, 0.0, U, U, 0.0, 0 0 0 , 0, 0.0, false, false, -1, true, false, null, 0.0
318.072111, 0.0, U, U, 0.0, 0 0 0 , 0, 0.0, false, false, -1, true, false, null, 0.0
318.082138, 0.0, U, U, 0.0, 0 0 0 , 0, 0.0, false, false, -1, true, false, null, 0.0
318.092266, 0.0, U, U, 0.0, 0 0 0 , 0, 0.0, false, false, -1, true, false, null, 0.0
318.102026, 0.0, U, U, 0.0, 0 0 0 , 0, 0.0, false, false, -1, true, false, null, 0.0
318.111968, 0.0, U, U, 0.0, 0 0 0 , 0, 0.0, false, false, -1, true, false, null, 0.0
318.121857, 0.0, U, U, 0.0, 0 0 0 , 0, 0.0, false, false, -1, true, false, null, 0.0
318.131784, 0.0, U, U, 0.0, 0 0 0 , 0, 0.0, false, false, -1, true, false, null, 0.0
318.141933, 0.0, U, U, 0.0, 0 0 0 , 0, 0.0, false, false, -1, true, false, null, 0.0
318.152182, 0.0, U, U, 0.0, 0 0 0 , 0, 0.0, false, false, -1, true, false, null, 0.0
318.161832, 0.0, U, U, 0.0, 0 0 0 , 0, 0.0, false, false, -1, true, false, null, 0.0
318.1717, 0.0, U, U, 0.0, 0 0 0 , 0, 0.0, false, false, -1, true, false, null, 0.0
318.181703, 0.0, U, U, 0.0, 0 0 0 , 0, 0.0, false, false, -1, true, false, null, 0.0
318.191833, 0.0, U, U, 0.0, 0 0 0 , 0, 0.0, false, false, -1, true, false, null, 0.0
318.202713, 0.0, U, U, 0.0, 0 0 0 , 0, 0.0, false, false, -1, true, false, null, 0.0
318.212775, 0.0, U, U, 0.0, 0 0 0 , 0, 0.0, false, false, -1, true, false, null, 0.0
318.221705, 0.0, U, U, 0.0, 0 0 0 , 0, 0.0, false, false, -1, true, false, null, 0.0
318.231735, 0.0, U, U, 0.0, 0 0 0 , 0, 0.0, false, false, -1, true, false, null, 0.0
318.241476, 0.0, U, U, 0.0, 0 0 0 , 0, 0.0, false, false, -1, true, false, null, 0.0
318.251518, 0.0, U, U, 0.0, 0 0 0 , 0, 0.0, false, false, -1, true, false, null, 0.0
318.261412, 0.0, U, U, 0.0, 0 0 0 , 0, 0.0, false, false, -1, true, false, null, 0.0
318.271373, 0.0, U, U, 0.0, 0 0 0 , 0, 0.0, false, false, -1, true, false, null, 0.0
318.281347, 0.0, U, U, 0.0, 0 0 0 , 0, 0.0, false, false, -1, true, false, null, 0.0
318.291446, 0.0, U, U, 0.0, 0 0 0 , 0, 0.0, false, false, -1, true, false, null, 0.0
318.302311, 0.0, U, U, 0.0, 0 0 0 , 0, 0.0, false, false, -1, true, false, null, 0.0
318.312251, 0.0, U, U, 0.0, 0 0 0 , 0, 0.0, false, false, -1, true, false, null, 0.0
318.322396, 0.0, U, U, 0.0, 0 0 0 , 0, 0.0, false, false, -1, true, false, null, 0.0
318.33137, 0.0, U, U, 0.0, 0 0 0 , 0, 0.0, false, false, -1, true, false, null, 0.0
318.341319, 0.0, U, U, 0.0, 0 0 0 , 0, 0.0, false, false, -1, true, false, null, 0.0
318.351406, 0.0, U, U, 0.0, 0 0 0 , 0, 0.0, false, false, -1, true, false, null, 0.0
318.361204, 0.0, U, U, 0.0, 0 0 0 , 0, 0.0, false, false, -1, true, false, null, 0.0
318.372386, 0.0, U, U, 0.0, 0 0 0 , 0, 0.0, false, false, -1, true, false, null, 0.0
318.381173, 0.0, U, U, 0.0, 0 0 0 , 0, 0.0, false, false, -1, true, false, null, 0.0
318.392096, 0.0, U, U, 0.0, 0 0 0 , 0, 0.0, false, false, -1, true, false, null, 0.0
318.402053, 0.0, U, U, 0.0, 0 0 0 , 0, 0.0, false, false, -1, true, false, null, 0.0
318.412015, 0.0, U, U, 0.0, 0 0 0 , 0, 0.0, false, false, -1, true, false, null, 0.0
318.422141, 0.0, U, U, 0.0, 0 0 0 , 0, 0.0, false, false, -1, true, false, null, 0.0
318.432113, 0.0, U, U, 0.0, 0 0 0 , 0, 0.0, false, false, -1, true, false, null, 0.0
318.441972, 0.0, U, U, 0.0, 0 0 0 , 0, 0.0, false, false, -1, true, false, null, 0.0
318.452265, 0.0, U, U, 0.0, 0 0 0 , 0, 0.0, false, false, -1, true, false, null, 0.0
318.461164, 0.0, U, U, 0.0, 0 0 0 , 0, 0.0, false, false, -1, true, false, null, 0.0
318.471994, 0.0, U, U, 0.0, 0 0 0 , 0, 0.0, false, false, -1, true, false, null, 0.0
318.481902, 0.0, U, U, 0.0, 0 0 0 , 0, 0.0, false, false, -1, true, false, null, 0.0
318.491964, 0.0, U, U, 0.0, 0 0 0 , 0, 0.0, false, false, -1, true, false, null, 0.0
318.500791, 0.0, U, U, 0.0, 0 0 0 , 0, 0.0, false, false, -1, true, false, null, 0.0
318.511827, 0.0, U, U, 0.0, 0 0 0 , 0, 0.0, false, false, -1, true, false, null, 0.0
318.521797, 0.0, U, U, 0.0, 0 0 0 , 0, 0.0, false, false, -1, true, false, null, 0.0
318.531686, 0.0, U, U, 0.0, 0 0 0 , 0, 0.0, false, false, -1, true, false, null, 0.0
318.541666, 0.0, U, U, 0.0, 0 0 0 , 0, 0.0, false, false, -1, true, false, null, 0.0
318.551786, 0.0, U, U, 0.0, 0 0 0 , 0, 0.0, false, false, -1, true, false, null, 0.0
318.562642, 0.0, U, U, 0.0, 0 0 0 , 0, 0.0, false, false, -1, true, false, null, 0.0
318.571505, 0.0, U, U, 0.0, 0 0 0 , 0, 0.0, false, false, -1, true, false, null, 0.0
318.582602, 0.0, U, U, 0.0, 0 0 0 , 0, 0.0, false, false, -1, true, false, null, 0.0
318.591551, 0.0, U, U, 0.0, 0 0 0 , 0, 0.0, false, false, -1, true, false, null, 0.0
318.601504, 0.0, U, U, 0.0, 0 0 0 , 0, 0.0, false, false, -1, true, false, null, 0.0
318.611758, 0.0, U, U, 0.0, 0 0 0 , 0, 0.0, false, false, -1, true, false, null, 0.0
318.621549, 0.0, U, U, 0.0, 0 0 0 , 0, 0.0, false, false, -1, true, false, null, 0.0
318.632369, 0.0, U, U, 0.0, 0 0 0 , 0, 0.0, false, false, -1, true, false, null, 0.0
318.6414, 0.0, U, U, 0.0, 0 0 0 , 0, 0.0, false, false, -1, true, false, null, 0.0
318.651593, 0.0, U, U, 0.0, 0 0 0 , 0, 0.0, false, false, -1, true, false, null, 0.0
318.662407, 0.0, U, U, 0.0, 0 0 0 , 0, 0.0, false, false, -1, true, false, null, 0.0
318.671292, 0.0, U, U, 0.0, 0 0 0 , 0, 0.0, false, false, -1, true, false, null, 0.0
318.681304, 0.0, U, U, 0.0, 0 0 0 , 0, 0.0, false, false, -1, true, false, null, 0.0
318.692403, 0.0, U, U, 0.0, 0 0 0 , 0, 0.0, false, false, -1, true, false, null, 0.0
318.702247, 0.0, U, U, 0.0, 0 0 0 , 0, 0.0, false, false, -1, true, false, null, 0.0
318.712169, 0.0, U, U, 0.0, 0 0 0 , 0, 0.0, false, false, -1, true, false, null, 0.0
318.722261, 0.0, U, U, 0.0, 0 0 0 , 0, 0.0, false, false, -1, true, false, null, 0.0
318.731276, 0.0, U, U, 0.0, 0 0 0 , 0, 0.0, false, false, -1, true, false, null, 0.0
318.741174, 0.0, U, U, 0.0, 0 0 0 , 0, 0.0, false, false, -1, true, false, null, 0.0
318.751225, 0.0, U, U, 0.0, 0 0 0 , 0, 0.0, false, false, -1, true, false, null, 0.0
318.762216, 0.0, U, U, 0.0, 0 0 0 , 0, 0.0, false, false, -1, true, false, null, 0.0
318.772125, 0.0, U, U, 0.0, 0 0 0 , 0, 0.0, false, false, -1, true, false, null, 0.0
318.781063, 0.0, U, U, 0.0, 0 0 0 , 0, 0.0, false, false, -1, true, false, null, 0.0
318.792017, 0.0, U, U, 0.0, 0 0 0 , 0, 0.0, false, false, -1, true, false, null, 0.0
318.801114, 0.0, U, U, 0.0, 0 0 0 , 0, 0.0, false, false, -1, true, false, null, 0.0
318.812093, 0.0, U, U, 0.0, 0 0 0 , 0, 0.0, false, false, -1, true, false, null, 0.0
318.822012, 0.0, U, U, 0.0, 0 0 0 , 0, 0.0, false, false, -1, true, false, null, 0.0
318.831979, 0.0, U, U, 0.0, 0 0 0 , 0, 0.0, false, false, -1, true, false, null, 0.0
318.841998, 0.0, U, U, 0.0, 0 0 0 , 0, 0.0, false, false, -1, true, false, null, 0.0
318.852108, 0.0, U, U, 0.0, 0 0 0 , 0, 0.0, false, false, -1, true, false, null, 0.0
318.860913, 0.0, U, U, 0.0, 0 0 0 , 0, 0.0, false, false, -1, true, false, null, 0.0
318.871769, 0.0, U, U, 0.0, 0 0 0 , 0, 0.0, false, false, -1, true, false, null, 0.0
318.880868, 0.0, U, U, 0.0, 0 0 0 , 0, 0.0, false, false, -1, true, false, null, 0.0
318.891813, 0.0, U, U, 0.0, 0 0 0 , 0, 0.0, false, false, -1, true, false, null, 0.0
318.90072, 0.0, U, U, 0.0, 0 0 0 , 0, 0.0, false, false, -1, true, false, null, 0.0
318.911732, 0.0, U, U, 0.0, 0 0 0 , 0, 0.0, false, false, -1, true, false, null, 0.0
318.920928, 0.0, U, U, 0.0, 0 0 0 , 0, 0.0, false, false, -1, true, false, null, 0.0
318.93169, 0.0, U, U, 0.0, 0 0 0 , 0, 0.0, false, false, -1, true, false, null, 0.0
318.941599, 0.0, U, U, 0.0, 0 0 0 , 0, 0.0, false, false, -1, true, false, null, 0.0
318.953011, 0.0, U, U, 0.0, 0 0 0 , 0, 0.0, false, false, -1, true, false, null, 0.0
318.961631, 0.0, U, U, 0.0, 0 0 0 , 0, 0.0, false, false, -1, true, false, null, 0.0
318.971612, 0.0, U, U, 0.0, 0 0 0 , 0, 0.0, false, false, -1, true, false, null, 0.0
318.981543, 0.0, U, U, 0.0, 0 0 0 , 0, 0.0, false, false, -1, true, false, null, 0.0
318.991504, 0.0, U, U, 0.0, 0 0 0 , 0, 0.0, false, false, -1, true, false, null, 0.0
319.002532, 0.0, U, U, 0.0, 0 0 0 , 0, 0.0, false, false, -1, true, false, null, 0.0
319.011666, 0.0, U, U, 0.0, 0 0 0 , 0, 0.0, false, false, -1, true, false, null, 0.0
319.021424, 0.0, U, U, 0.0, 0 0 0 , 0, 0.0, false, false, -1, true, false, null, 0.0
319.032463, 0.0, U, U, 0.0, 0 0 0 , 0, 0.0, false, false, -1, true, false, null, 0.0
319.041388, 0.0, U, U, 0.0, 0 0 0 , 0, 0.0, false, false, -1, true, false, null, 0.0
319.051397, 0.0, U, U, 0.0, 0 0 0 , 0, 0.0, false, false, -1, true, false, null, 0.0
319.061418, 0.0, U, U, 0.0, 0 0 0 , 0, 0.0, false, false, -1, true, false, null, 0.0
319.071296, 0.0, U, U, 0.0, 0 0 0 , 0, 0.0, false, false, -1, true, false, null, 0.0
319.082236, 0.0, U, U, 0.0, 0 0 0 , 0, 0.0, false, false, -1, true, false, null, 0.0
319.092219, 0.0, U, U, 0.0, 0 0 0 , 0, 0.0, false, false, -1, true, false, null, 0.0
319.102209, 0.0, U, U, 0.0, 0 0 0 , 0, 0.0, false, false, -1, true, false, null, 0.0
319.11226, 0.0, U, U, 0.0, 0 0 0 , 0, 0.0, false, false, -1, true, false, null, 0.0
319.121246, 0.0, U, U, 0.0, 0 0 0 , 0, 0.0, false, false, -1, true, false, null, 0.0
319.13208, 0.0, U, U, 0.0, 0 0 0 , 0, 0.0, false, false, -1, true, false, null, 0.0
319.142057, 0.0, U, U, 0.0, 0 0 0 , 0, 0.0, false, false, -1, true, false, null, 0.0
319.151399, 0.0, U, U, 0.0, 0 0 0 , 0, 0.0, false, false, -1, true, false, null, 0.0
319.162393, 0.0, U, U, 0.0, 0 0 0 , 0, 0.0, false, false, -1, true, false, null, 0.0
319.171415, 0.0, U, U, 0.0, 0 0 0 , 0, 0.0, false, false, -1, true, false, null, 0.0
319.181474, 0.0, U, U, 0.0, 0 0 0 , 0, 0.0, false, false, -1, true, false, null, 0.0
319.192689, 0.0, U, U, 0.0, 0 0 0 , 0, 0.0, false, false, -1, true, false, null, 0.0
319.201517, 0.0, U, U, 0.0, 0 0 0 , 0, 0.0, false, false, -1, true, false, null, 0.0
319.212301, 0.0, U, U, 0.0, 0 0 0 , 0, 0.0, false, false, -1, true, false, null, 0.0
319.221564, 0.0, U, U, 0.0, 0 0 0 , 0, 0.0, false, false, -1, true, false, null, 0.0
319.232174, 0.0, U, U, 0.0, 0 0 0 , 0, 0.0, false, false, -1, true, false, null, 0.0
319.242147, 0.0, U, U, 0.0, 0 0 0 , 0, 0.0, false, false, -1, true, false, null, 0.0
319.251676, 0.0, U, U, 0.0, 0 0 0 , 0, 0.0, false, false, -1, true, false, null, 0.0
319.261489, 0.0, U, U, 0.0, 0 0 0 , 0, 0.0, false, false, -1, true, false, null, 0.0
319.271533, 0.0, U, U, 0.0, 0 0 0 , 0, 0.0, false, false, -1, true, false, null, 0.0
319.281416, 0.0, U, U, 0.0, 0 0 0 , 0, 0.0, false, false, -1, true, false, null, 0.0
319.291567, 0.0, U, U, 0.0, 0 0 0 , 0, 0.0, false, false, -1, true, false, null, 0.0
319.301773, 0.0, U, U, 0.0, 0 0 0 , 0, 0.0, false, false, -1, true, false, null, 0.0
319.312642, 0.0, U, U, 0.0, 0 0 0 , 0, 0.0, false, false, -1, true, false, null, 0.0
319.32262, 0.0, U, U, 0.0, 0 0 0 , 0, 0.0, false, false, -1, true, false, null, 0.0
319.332575, 0.0, U, U, 0.0, 0 0 0 , 0, 0.0, false, false, -1, true, false, null, 0.0
319.342633, 0.0, U, U, 0.0, 0 0 0 , 0, 0.0, false, false, -1, true, false, null, 0.0
319.3525, 0.0, U, U, 0.0, 0 0 0 , 0, 0.0, false, false, -1, true, false, null, 0.0
319.368795, 0.0, U, U, 0.0, 0 0 0 , 0, 0.0, false, false, -1, true, false, null, 0.0
319.372651, 0.0, U, U, 0.0, 0 0 0 , 0, 0.0, false, false, -1, true, false, null, 0.0
319.381447, 0.0, U, U, 0.0, 0 0 0 , 0, 0.0, false, false, -1, true, false, null, 0.0
319.392683, 0.0, U, U, 0.0, 0 0 0 , 0, 0.0, false, false, -1, true, false, null, 0.0
319.402385, 0.0, U, U, 0.0, 0 0 0 , 0, 0.0, false, false, -1, true, false, null, 0.0
319.412341, 0.0, U, U, 0.0, 0 0 0 , 0, 0.0, false, false, -1, true, false, null, 0.0
319.422662, 0.0, U, U, 0.0, 0 0 0 , 0, 0.0, false, false, -1, true, false, null, 0.0
319.432562, 0.0, U, U, 0.0, 0 0 0 , 0, 0.0, false, false, -1, true, false, null, 0.0
319.442109, 0.0, U, U, 0.0, 0 0 0 , 0, 0.0, false, false, -1, true, false, null, 0.0
319.452072, 0.0, U, U, 0.0, 0 0 0 , 0, 0.0, false, false, -1, true, false, null, 0.0
319.461263, 0.0, U, U, 0.0, 0 0 0 , 0, 0.0, false, false, -1, true, false, null, 0.0
319.47243, 0.0, U, U, 0.0, 0 0 0 , 0, 0.0, false, false, -1, true, false, null, 0.0
319.482268, 0.0, U, U, 0.0, 0 0 0 , 0, 0.0, false, false, -1, true, false, null, 0.0
319.492314, 0.0, U, U, 0.0, 0 0 0 , 0, 0.0, false, false, -1, true, false, null, 0.0
319.502173, 0.0, U, U, 0.0, 0 0 0 , 0, 0.0, false, false, -1, true, false, null, 0.0
319.511915, 0.0, U, U, 0.0, 0 0 0 , 0, 0.0, false, false, -1, true, false, null, 0.0
319.520916, 0.0, U, U, 0.0, 0 0 0 , 0, 0.0, false, false, -1, true, false, null, 0.0
319.531709, 0.0, U, U, 0.0, 0 0 0 , 0, 0.0, false, false, -1, true, false, null, 0.0
319.541788, 0.0, U, U, 0.0, 0 0 0 , 0, 0.0, false, false, -1, true, false, null, 0.0
319.551829, 0.0, U, U, 0.0, 0 0 0 , 0, 0.0, false, false, -1, true, false, null, 0.0
319.561733, 0.0, U, U, 0.0, 0 0 0 , 0, 0.0, false, false, -1, true, false, null, 0.0
319.570724, 0.0, U, U, 0.0, 0 0 0 , 0, 0.0, false, false, -1, true, false, null, 0.0
319.581685, 0.0, U, U, 0.0, 0 0 0 , 0, 0.0, false, false, -1, true, false, null, 0.0
319.591667, 0.0, U, U, 0.0, 0 0 0 , 0, 0.0, false, false, -1, true, false, null, 0.0
319.601576, 0.0, U, U, 0.0, 0 0 0 , 0, 0.0, false, false, -1, true, false, null, 0.0
319.611689, 0.0, U, U, 0.0, 0 0 0 , 0, 0.0, false, false, -1, true, false, null, 0.0
319.6217, 0.0, U, U, 0.0, 0 0 0 , 0, 0.0, false, false, -1, true, false, null, 0.0
319.632475, 0.0, U, U, 0.0, 0 0 0 , 0, 0.0, false, false, -1, true, false, null, 0.0
319.641539, 0.0, U, U, 0.0, 0 0 0 , 0, 0.0, false, false, -1, true, false, null, 0.0
319.651625, 0.0, U, U, 0.0, 0 0 0 , 0, 0.0, false, false, -1, true, false, null, 0.0
319.662608, 0.0, U, U, 0.0, 0 0 0 , 0, 0.0, false, false, -1, true, false, null, 0.0
319.671413, 0.0, U, U, 0.0, 0 0 0 , 0, 0.0, false, false, -1, true, false, null, 0.0
319.681392, 0.0, U, U, 0.0, 0 0 0 , 0, 0.0, false, false, -1, true, false, null, 0.0
319.691464, 0.0, U, U, 0.0, 0 0 0 , 0, 0.0, false, false, -1, true, false, null, 0.0
319.701291, 0.0, U, U, 0.0, 0 0 0 , 0, 0.0, false, false, -1, true, false, null, 0.0
319.712275, 0.0, U, U, 0.0, 0 0 0 , 0, 0.0, false, false, -1, true, false, null, 0.0
319.722348, 0.0, U, U, 0.0, 0 0 0 , 0, 0.0, false, false, -1, true, false, null, 0.0
319.731284, 0.0, U, U, 0.0, 0 0 0 , 0, 0.0, false, false, -1, true, false, null, 0.0
319.7422, 0.0, U, U, 0.0, 0 0 0 , 0, 0.0, false, false, -1, true, false, null, 0.0
319.752381, 0.0, U, U, 0.0, 0 0 0 , 0, 0.0, false, false, -1, true, false, null, 0.0
319.762268, 0.0, U, U, 0.0, 0 0 0 , 0, 0.0, false, false, -1, true, false, null, 0.0
319.772096, 0.0, U, U, 0.0, 0 0 0 , 0, 0.0, false, false, -1, true, false, null, 0.0
319.781139, 0.0, U, U, 0.0, 0 0 0 , 0, 0.0, false, false, -1, true, false, null, 0.0
319.792345, 0.0, U, U, 0.0, 0 0 0 , 0, 0.0, false, false, -1, true, false, null, 0.0
319.802178, 0.0, U, U, 0.0, 0 0 0 , 0, 0.0, false, false, -1, true, false, null, 0.0
319.811994, 0.0, U, U, 0.0, 0 0 0 , 0, 0.0, false, false, -1, true, false, null, 0.0
319.821107, 0.0, U, U, 0.0, 0 0 0 , 0, 0.0, false, false, -1, true, false, null, 0.0
319.831915, 0.0, U, U, 0.0, 0 0 0 , 0, 0.0, false, false, -1, true, false, null, 0.0
319.841954, 0.0, U, U, 0.0, 0 0 0 , 0, 0.0, false, false, -1, true, false, null, 0.0
319.852074, 0.0, U, U, 0.0, 0 0 0 , 0, 0.0, false, false, -1, true, false, null, 0.0
319.860949, 0.0, U, U, 0.0, 0 0 0 , 0, 0.0, false, false, -1, true, false, null, 0.0
319.870893, 0.0, U, U, 0.0, 0 0 0 , 0, 0.0, false, false, -1, true, false, null, 0.0
319.881875, 0.0, U, U, 0.0, 0 0 0 , 0, 0.0, false, false, -1, true, false, null, 0.0
319.891887, 0.0, U, U, 0.0, 0 0 0 , 0, 0.0, false, false, -1, true, false, null, 0.0
319.901798, 0.0, U, U, 0.0, 0 0 0 , 0, 0.0, false, false, -1, true, false, null, 0.0
319.911791, 0.0, U, U, 0.0, 0 0 0 , 0, 0.0, false, false, -1, true, false, null, 0.0
319.921842, 0.0, U, U, 0.0, 0 0 0 , 0, 0.0, false, false, -1, true, false, null, 0.0
319.930688, 0.0, U, U, 0.0, 0 0 0 , 0, 0.0, false, false, -1, true, false, null, 0.0
319.941752, 0.0, U, U, 0.0, 0 0 0 , 0, 0.0, false, false, -1, true, false, null, 0.0
319.9519, 0.0, U, U, 0.0, 0 0 0 , 0, 0.0, false, false, -1, true, false, null, 0.0
319.962646, 0.0, U, U, 0.0, 0 0 0 , 0, 0.0, false, false, -1, true, false, null, 0.0
319.970632, 0.0, U, U, 0.0, 0 0 0 , 0, 0.0, false, false, -1, true, false, null, 0.0
319.981641, 0.0, U, U, 0.0, 0 0 0 , 0, 0.0, false, false, -1, true, false, null, 0.0
319.991566, 0.0, U, U, 0.0, 0 0 0 , 0, 0.0, false, false, -1, true, false, null, 0.0
320.002538, 0.0, U, U, 0.0, 0 0 0 , 0, 0.0, false, false, -1, true, false, null, 0.0
320.011533, 0.0, U, U, 0.0, 0 0 0 , 0, 0.0, false, false, -1, true, false, null, 0.0
320.021501, 0.0, U, U, 0.0, 0 0 0 , 0, 0.0, false, false, -1, true, false, null, 0.0
320.032458, 0.0, U, U, 0.0, 0 0 0 , 0, 0.0, false, false, -1, true, false, null, 0.0
320.041558, 0.0, U, U, 0.0, 0 0 0 , 0, 0.0, false, false, -1, true, false, null, 0.0
320.052722, 0.0, U, U, 0.0, 0 0 0 , 0, 0.0, false, false, -1, true, false, null, 0.0
320.061636, 0.0, U, U, 0.0, 0 0 0 , 0, 0.0, false, false, -1, true, false, null, 0.0
320.07135, 0.0, U, U, 0.0, 0 0 0 , 0, 0.0, false, false, -1, true, false, null, 0.0
320.082289, 0.0, U, U, 0.0, 0 0 0 , 0, 0.0, false, false, -1, true, false, null, 0.0
320.092324, 0.0, U, U, 0.0, 0 0 0 , 0, 0.0, false, false, -1, true, false, null, 0.0
320.102285, 0.0, U, U, 0.0, 0 0 0 , 0, 0.0, false, false, -1, true, false, null, 0.0
320.112385, 0.0, U, U, 0.0, 0 0 0 , 0, 0.0, false, false, -1, true, false, null, 0.0
320.121257, 0.0, U, U, 0.0, 0 0 0 , 0, 0.0, false, false, -1, true, false, null, 0.0
320.131252, 0.0, U, U, 0.0, 0 0 0 , 0, 0.0, false, false, -1, true, false, null, 0.0
320.141251, 0.0, U, U, 0.0, 0 0 0 , 0, 0.0, false, false, -1, true, false, null, 0.0
320.152498, 0.0, U, U, 0.0, 0 0 0 , 0, 0.0, false, false, -1, true, false, null, 0.0
320.161245, 0.0, U, U, 0.0, 0 0 0 , 0, 0.0, false, false, -1, true, false, null, 0.0
320.172114, 0.0, U, U, 0.0, 0 0 0 , 0, 0.0, false, false, -1, true, false, null, 0.0
320.182049, 0.0, U, U, 0.0, 0 0 0 , 0, 0.0, false, false, -1, true, false, null, 0.0
320.192084, 0.0, U, U, 0.0, 0 0 0 , 0, 0.0, false, false, -1, true, false, null, 0.0
320.201989, 0.0, U, U, 0.0, 0 0 0 , 0, 0.0, false, false, -1, true, false, null, 0.0
320.211971, 0.0, U, U, 0.0, 0 0 0 , 0, 0.0, false, false, -1, true, false, null, 0.0
320.221, 0.0, U, U, 0.0, 0 0 0 , 0, 0.0, false, false, -1, true, false, null, 0.0
320.230992, 0.0, U, U, 0.0, 0 0 0 , 0, 0.0, false, false, -1, true, false, null, 0.0
320.242074, 0.0, U, U, 0.0, 0 0 0 , 0, 0.0, false, false, -1, true, false, null, 0.0
320.252119, 0.0, U, U, 0.0, 0 0 0 , 0, 0.0, false, false, -1, true, false, null, 0.0
320.262078, 0.0, U, U, 0.0, 0 0 0 , 0, 0.0, false, false, -1, true, false, null, 0.0
320.271853, 0.0, U, U, 0.0, 0 0 0 , 0, 0.0, false, false, -1, true, false, null, 0.0
320.280881, 0.0, U, U, 0.0, 0 0 0 , 0, 0.0, false, false, -1, true, false, null, 0.0
320.291828, 0.0, U, U, 0.0, 0 0 0 , 0, 0.0, false, false, -1, true, false, null, 0.0
320.300807, 0.0, U, U, 0.0, 0 0 0 , 0, 0.0, false, false, -1, true, false, null, 0.0
320.31171, 0.0, U, U, 0.0, 0 0 0 , 0, 0.0, false, false, -1, true, false, null, 0.0
320.321747, 0.0, U, U, 0.0, 0 0 0 , 0, 0.0, false, false, -1, true, false, null, 0.0
320.330723, 0.0, U, U, 0.0, 0 0 0 , 0, 0.0, false, false, -1, true, false, null, 0.0
320.341755, 0.0, U, U, 0.0, 0 0 0 , 0, 0.0, false, false, -1, true, false, null, 0.0
320.351724, 0.0, U, U, 0.0, 0 0 0 , 0, 0.0, false, false, -1, true, false, null, 0.0
320.361126, 0.0, U, U, 0.0, 0 0 0 , 0, 0.0, false, false, -1, true, false, null, 0.0
320.371154, 0.0, U, U, 0.0, 0 0 0 , 0, 0.0, false, false, -1, true, false, null, 0.0
320.382091, 0.0, U, U, 0.0, 0 0 0 , 0, 0.0, false, false, -1, true, false, null, 0.0
320.392044, 0.0, U, U, 0.0, 0 0 0 , 0, 0.0, false, false, -1, true, false, null, 0.0
320.401094, 0.0, U, U, 0.0, 0 0 0 , 0, 0.0, false, false, -1, true, false, null, 0.0
320.41201, 0.0, U, U, 0.0, 0 0 0 , 0, 0.0, false, false, -1, true, false, null, 0.0
320.422042, 0.0, U, U, 0.0, 0 0 0 , 0, 0.0, false, false, -1, true, false, null, 0.0
320.431993, 0.0, U, U, 0.0, 0 0 0 , 0, 0.0, false, false, -1, true, false, null, 0.0
320.441953, 0.0, U, U, 0.0, 0 0 0 , 0, 0.0, false, false, -1, true, false, null, 0.0
320.450918, 0.0, U, U, 0.0, 0 0 0 , 0, 0.0, false, false, -1, true, false, null, 0.0
320.461907, 0.0, U, U, 0.0, 0 0 0 , 0, 0.0, false, false, -1, true, false, null, 0.0
320.471767, 0.0, U, U, 0.0, 0 0 0 , 0, 0.0, false, false, -1, true, false, null, 0.0
320.480804, 0.0, U, U, 0.0, 0 0 0 , 0, 0.0, false, false, -1, true, false, null, 0.0
320.491752, 0.0, U, U, 0.0, 0 0 0 , 0, 0.0, false, false, -1, true, false, null, 0.0
320.500761, 0.0, U, U, 0.0, 0 0 0 , 0, 0.0, false, false, -1, true, false, null, 0.0
320.511667, 0.0, U, U, 0.0, 0 0 0 , 0, 0.0, false, false, -1, true, false, null, 0.0
320.521796, 0.0, U, U, 0.0, 0 0 0 , 0, 0.0, false, false, -1, true, false, null, 0.0
320.531698, 0.0, U, U, 0.0, 0 0 0 , 0, 0.0, false, false, -1, true, false, null, 0.0
320.54161, 0.0, U, U, 0.0, 0 0 0 , 0, 0.0, false, false, -1, true, false, null, 0.0
320.551755, 0.0, U, U, 0.0, 0 0 0 , 0, 0.0, false, false, -1, true, false, null, 0.0
320.561251, 0.0, U, U, 0.0, 0 0 0 , 0, 0.0, false, false, -1, true, false, null, 0.0
320.572165, 0.0, U, U, 0.0, 0 0 0 , 0, 0.0, false, false, -1, true, false, null, 0.0
320.582185, 0.0, U, U, 0.0, 0 0 0 , 0, 0.0, false, false, -1, true, false, null, 0.0
320.592325, 0.0, U, U, 0.0, 0 0 0 , 0, 0.0, false, false, -1, true, false, null, 0.0
320.60111, 0.0, U, U, 0.0, 0 0 0 , 0, 0.0, false, false, -1, true, false, null, 0.0
320.612109, 0.0, U, U, 0.0, 0 0 0 , 0, 0.0, false, false, -1, true, false, null, 0.0
320.622107, 0.0, U, U, 0.0, 0 0 0 , 0, 0.0, false, false, -1, true, false, null, 0.0
320.632249, 0.0, U, U, 0.0, 0 0 0 , 0, 0.0, false, false, -1, true, false, null, 0.0
320.641093, 0.0, U, U, 0.0, 0 0 0 , 0, 0.0, false, false, -1, true, false, null, 0.0
320.652069, 0.0, U, U, 0.0, 0 0 0 , 0, 0.0, false, false, -1, true, false, null, 0.0
320.661943, 0.0, U, U, 0.0, 0 0 0 , 0, 0.0, false, false, -1, true, false, null, 0.0
320.670967, 0.0, U, U, 0.0, 0 0 0 , 0, 0.0, false, false, -1, true, false, null, 0.0
320.681926, 0.0, U, U, 0.0, 0 0 0 , 0, 0.0, false, false, -1, true, false, null, 0.0
320.691855, 0.0, U, U, 0.0, 0 0 0 , 0, 0.0, false, false, -1, true, false, null, 0.0
320.700827, 0.0, U, U, 0.0, 0 0 0 , 0, 0.0, false, false, -1, true, false, null, 0.0
320.711875, 0.0, U, U, 0.0, 0 0 0 , 0, 0.0, false, false, -1, true, false, null, 0.0
320.721865, 0.0, U, U, 0.0, 0 0 0 , 0, 0.0, false, false, -1, true, false, null, 0.0
320.731831, 0.0, U, U, 0.0, 0 0 0 , 0, 0.0, false, false, -1, true, false, null, 0.0
320.741786, 0.0, U, U, 0.0, 0 0 0 , 0, 0.0, false, false, -1, true, false, null, 0.0
320.751882, 0.0, U, U, 0.0, 0 0 0 , 0, 0.0, false, false, -1, true, false, null, 0.0
320.760983, 0.0, U, U, 0.0, 0 0 0 , 0, 0.0, false, false, -1, true, false, null, 0.0
320.772028, 0.0, U, U, 0.0, 0 0 0 , 0, 0.0, false, false, -1, true, false, null, 0.0
320.781811, 0.0, U, U, 0.0, 0 0 0 , 0, 0.0, false, false, -1, true, false, null, 0.0
320.791888, 0.0, U, U, 0.0, 0 0 0 , 0, 0.0, false, false, -1, true, false, null, 0.0
320.801745, 0.0, U, U, 0.0, 0 0 0 , 0, 0.0, false, false, -1, true, false, null, 0.0
320.811717, 0.0, U, U, 0.0, 0 0 0 , 0, 0.0, false, false, -1, true, false, null, 0.0
320.820834, 0.0, U, U, 0.0, 0 0 0 , 0, 0.0, false, false, -1, true, false, null, 0.0
320.831666, 0.0, U, U, 0.0, 0 0 0 , 0, 0.0, false, false, -1, true, false, null, 0.0
320.841761, 0.0, U, U, 0.0, 0 0 0 , 0, 0.0, false, false, -1, true, false, null, 0.0
320.851715, 0.0, U, U, 0.0, 0 0 0 , 0, 0.0, false, false, -1, true, false, null, 0.0
320.861284, 0.0, U, U, 0.0, 0 0 0 , 0, 0.0, false, false, -1, true, false, null, 0.0
320.872406, 0.0, U, U, 0.0, 0 0 0 , 0, 0.0, false, false, -1, true, false, null, 0.0
320.881309, 0.0, U, U, 0.0, 0 0 0 , 0, 0.0, false, false, -1, true, false, null, 0.0
320.892303, 0.0, U, U, 0.0, 0 0 0 , 0, 0.0, false, false, -1, true, false, null, 0.0
320.90223, 0.0, U, U, 0.0, 0 0 0 , 0, 0.0, false, false, -1, true, false, null, 0.0
320.912244, 0.0, U, U, 0.0, 0 0 0 , 0, 0.0, false, false, -1, true, false, null, 0.0
320.922304, 0.0, U, U, 0.0, 0 0 0 , 0, 0.0, false, false, -1, true, false, null, 0.0
320.932079, 0.0, U, U, 0.0, 0 0 0 , 0, 0.0, false, false, -1, true, false, null, 0.0
320.942083, 0.0, U, U, 0.0, 0 0 0 , 0, 0.0, false, false, -1, true, false, null, 0.0
320.952344, 0.0, U, U, 0.0, 0 0 0 , 0, 0.0, false, false, -1, true, false, null, 0.0
320.962189, 0.0, U, U, 0.0, 0 0 0 , 0, 0.0, false, false, -1, true, false, null, 0.0
320.971163, 0.0, U, U, 0.0, 0 0 0 , 0, 0.0, false, false, -1, true, false, null, 0.0
320.981965, 0.0, U, U, 0.0, 0 0 0 , 0, 0.0, false, false, -1, true, false, null, 0.0
320.992081, 0.0, U, U, 0.0, 0 0 0 , 0, 0.0, false, false, -1, true, false, null, 0.0
321.001974, 0.0, U, U, 0.0, 0 0 0 , 0, 0.0, false, false, -1, true, false, null, 0.0
321.012023, 0.0, U, U, 0.0, 0 0 0 , 0, 0.0, false, false, -1, true, false, null, 0.0
321.021999, 0.0, U, U, 0.0, 0 0 0 , 0, 0.0, false, false, -1, true, false, null, 0.0
321.031904, 0.0, U, U, 0.0, 0 0 0 , 0, 0.0, false, false, -1, true, false, null, 0.0
321.041062, 0.0, U, U, 0.0, 0 0 0 , 0, 0.0, false, false, -1, true, false, null, 0.0
321.052074, 0.0, U, U, 0.0, 0 0 0 , 0, 0.0, false, false, -1, true, false, null, 0.0
321.061971, 0.0, U, U, 0.0, 0 0 0 , 0, 0.0, false, false, -1, true, false, null, 0.0
321.071802, 0.0, U, U, 0.0, 0 0 0 , 0, 0.0, false, false, -1, true, false, null, 0.0
321.080715, 0.0, U, U, 0.0, 0 0 0 , 0, 0.0, false, false, -1, true, false, null, 0.0
321.091796, 0.0, U, U, 0.0, 0 0 0 , 0, 0.0, false, false, -1, true, false, null, 0.0
321.101682, 0.0, U, U, 0.0, 0 0 0 , 0, 0.0, false, false, -1, true, false, null, 0.0
321.111626, 0.0, U, U, 0.0, 0 0 0 , 0, 0.0, false, false, -1, true, false, null, 0.0
321.121674, 0.0, U, U, 0.0, 0 0 0 , 0, 0.0, false, false, -1, true, false, null, 0.0
321.130759, 0.0, U, U, 0.0, 0 0 0 , 0, 0.0, false, false, -1, true, false, null, 0.0
321.141571, 0.0, U, U, 0.0, 0 0 0 , 0, 0.0, false, false, -1, true, false, null, 0.0
321.151671, 0.0, U, U, 0.0, 0 0 0 , 0, 0.0, false, false, -1, true, false, null, 0.0
321.161504, 0.0, U, U, 0.0, 0 0 0 , 0, 0.0, false, false, -1, true, false, null, 0.0
321.171472, 0.0, U, U, 0.0, 0 0 0 , 0, 0.0, false, false, -1, true, false, null, 0.0
321.182467, 0.0, U, U, 0.0, 0 0 0 , 0, 0.0, false, false, -1, true, false, null, 0.0
321.19148, 0.0, U, U, 0.0, 0 0 0 , 0, 0.0, false, false, -1, true, false, null, 0.0
321.20237, 0.0, U, U, 0.0, 0 0 0 , 0, 0.0, false, false, -1, true, false, null, 0.0
321.211405, 0.0, U, U, 0.0, 0 0 0 , 0, 0.0, false, false, -1, true, false, null, 0.0
321.221434, 0.0, U, U, 0.0, 0 0 0 , 0, 0.0, false, false, -1, true, false, null, 0.0
321.231369, 0.0, U, U, 0.0, 0 0 0 , 0, 0.0, false, false, -1, true, false, null, 0.0
321.241321, 0.0, U, U, 0.0, 0 0 0 , 0, 0.0, false, false, -1, true, false, null, 0.0
321.25274, 0.0, U, U, 0.0, 0 0 0 , 0, 0.0, false, false, -1, true, false, null, 0.0
321.261253, 0.0, U, U, 0.0, 0 0 0 , 0, 0.0, false, false, -1, true, false, null, 0.0
321.272224, 0.0, U, U, 0.0, 0 0 0 , 0, 0.0, false, false, -1, true, false, null, 0.0
321.282225, 0.0, U, U, 0.0, 0 0 0 , 0, 0.0, false, false, -1, true, false, null, 0.0
321.292208, 0.0, U, U, 0.0, 0 0 0 , 0, 0.0, false, false, -1, true, false, null, 0.0
321.302171, 0.0, U, U, 0.0, 0 0 0 , 0, 0.0, false, false, -1, true, false, null, 0.0
321.312158, 0.0, U, U, 0.0, 0 0 0 , 0, 0.0, false, false, -1, true, false, null, 0.0
321.321074, 0.0, U, U, 0.0, 0 0 0 , 0, 0.0, false, false, -1, true, false, null, 0.0
321.332014, 0.0, U, U, 0.0, 0 0 0 , 0, 0.0, false, false, -1, true, false, null, 0.0
321.342193, 0.0, U, U, 0.0, 0 0 0 , 0, 0.0, false, false, -1, true, false, null, 0.0
321.351179, 0.0, U, U, 0.0, 0 0 0 , 0, 0.0, false, false, -1, true, false, null, 0.0
321.362169, 0.0, U, U, 0.0, 0 0 0 , 0, 0.0, false, false, -1, true, false, null, 0.0
321.370987, 0.0, U, U, 0.0, 0 0 0 , 0, 0.0, false, false, -1, true, false, null, 0.0
321.380957, 0.0, U, U, 0.0, 0 0 0 , 0, 0.0, false, false, -1, true, false, null, 0.0
321.391968, 0.0, U, U, 0.0, 0 0 0 , 0, 0.0, false, false, -1, true, false, null, 0.0
321.401869, 0.0, U, U, 0.0, 0 0 0 , 0, 0.0, false, false, -1, true, false, null, 0.0
321.411857, 0.0, U, U, 0.0, 0 0 0 , 0, 0.0, false, false, -1, true, false, null, 0.0
321.420936, 0.0, U, U, 0.0, 0 0 0 , 0, 0.0, false, false, -1, true, false, null, 0.0
321.431811, 0.0, U, U, 0.0, 0 0 0 , 0, 0.0, false, false, -1, true, false, null, 0.0
321.440835, 0.0, U, U, 0.0, 0 0 0 , 0, 0.0, false, false, -1, true, false, null, 0.0
321.451901, 0.0, U, U, 0.0, 0 0 0 , 0, 0.0, false, false, -1, true, false, null, 0.0
321.460783, 0.0, U, U, 0.0, 0 0 0 , 0, 0.0, false, false, -1, true, false, null, 0.0
321.471639, 0.0, U, U, 0.0, 0 0 0 , 0, 0.0, false, false, -1, true, false, null, 0.0
321.480688, 0.0, U, U, 0.0, 0 0 0 , 0, 0.0, false, false, -1, true, false, null, 0.0
321.491599, 0.0, U, U, 0.0, 0 0 0 , 0, 0.0, false, false, -1, true, false, null, 0.0
321.502556, 0.0, U, U, 0.0, 0 0 0 , 0, 0.0, false, false, -1, true, false, null, 0.0
321.511625, 0.0, U, U, 0.0, 0 0 0 , 0, 0.0, false, false, -1, true, false, null, 0.0
321.521675, 0.0, U, U, 0.0, 0 0 0 , 0, 0.0, false, false, -1, true, false, null, 0.0
321.531545, 0.0, U, U, 0.0, 0 0 0 , 0, 0.0, false, false, -1, true, false, null, 0.0
321.542882, 0.0, U, U, 0.0, 0 0 0 , 0, 0.0, false, false, -1, true, false, null, 0.0
321.551677, 0.0, U, U, 0.0, 0 0 0 , 0, 0.0, false, false, -1, true, false, null, 0.0
321.561538, 0.0, U, U, 0.0, 0 0 0 , 0, 0.0, false, false, -1, true, false, null, 0.0
321.571373, 0.0, U, U, 0.0, 0 0 0 , 0, 0.0, false, false, -1, true, false, null, 0.0
321.581412, 0.0, U, U, 0.0, 0 0 0 , 0, 0.0, false, false, -1, true, false, null, 0.0
321.591432, 0.0, U, U, 0.0, 0 0 0 , 0, 0.0, false, false, -1, true, false, null, 0.0
321.601332, 0.0, U, U, 0.0, 0 0 0 , 0, 0.0, false, false, -1, true, false, null, 0.0
321.612397, 0.0, U, U, 0.0, 0 0 0 , 0, 0.0, false, false, -1, true, false, null, 0.0
321.621272, 0.0, U, U, 0.0, 0 0 0 , 0, 0.0, false, false, -1, true, false, null, 0.0
321.632333, 0.0, U, U, 0.0, 0 0 0 , 0, 0.0, false, false, -1, true, false, null, 0.0
321.642271, 0.0, U, U, 0.0, 0 0 0 , 0, 0.0, false, false, -1, true, false, null, 0.0
321.652516, 0.0, U, U, 0.0, 0 0 0 , 0, 0.0, false, false, -1, true, false, null, 0.0
321.661348, 0.0, U, U, 0.0, 0 0 0 , 0, 0.0, false, false, -1, true, false, null, 0.0
321.672161, 0.0, U, U, 0.0, 0 0 0 , 0, 0.0, false, false, -1, true, false, null, 0.0
321.682141, 0.0, U, U, 0.0, 0 0 0 , 0, 0.0, false, false, -1, true, false, null, 0.0
321.692031, 0.0, U, U, 0.0, 0 0 0 , 0, 0.0, false, false, -1, true, false, null, 0.0
321.702006, 0.0, U, U, 0.0, 0 0 0 , 0, 0.0, false, false, -1, true, false, null, 0.0
321.712115, 0.0, U, U, 0.0, 0 0 0 , 0, 0.0, false, false, -1, true, false, null, 0.0
321.722003, 0.0, U, U, 0.0, 0 0 0 , 0, 0.0, false, false, -1, true, false, null, 0.0
321.731989, 0.0, U, U, 0.0, 0 0 0 , 0, 0.0, false, false, -1, true, false, null, 0.0
321.741994, 0.0, U, U, 0.0, 0 0 0 , 0, 0.0, false, false, -1, true, false, null, 0.0
321.752096, 0.0, U, U, 0.0, 0 0 0 , 0, 0.0, false, false, -1, true, false, null, 0.0
321.76187, 0.0, U, U, 0.0, 0 0 0 , 0, 0.0, false, false, -1, true, false, null, 0.0
321.77197, 0.0, U, U, 0.0, 0 0 0 , 0, 0.0, false, false, -1, true, false, null, 0.0
321.781763, 0.0, U, U, 0.0, 0 0 0 , 0, 0.0, false, false, -1, true, false, null, 0.0
321.792081, 0.0, U, U, 0.0, 0 0 0 , 0, 0.0, false, false, -1, true, false, null, 0.0
321.801737, 0.0, U, U, 0.0, 0 0 0 , 0, 0.0, false, false, -1, true, false, null, 0.0
321.811712, 0.0, U, U, 0.0, 0 0 0 , 0, 0.0, false, false, -1, true, false, null, 0.0
321.821807, 0.0, U, U, 0.0, 0 0 0 , 0, 0.0, false, false, -1, true, false, null, 0.0
321.831669, 0.0, U, U, 0.0, 0 0 0 , 0, 0.0, false, false, -1, true, false, null, 0.0
321.840838, 0.0, U, U, 0.0, 0 0 0 , 0, 0.0, false, false, -1, true, false, null, 0.0
321.851891, 0.0, U, U, 0.0, 0 0 0 , 0, 0.0, false, false, -1, true, false, null, 0.0
321.860757, 0.0, U, U, 0.0, 0 0 0 , 0, 0.0, false, false, -1, true, false, null, 0.0
321.871544, 0.0, U, U, 0.0, 0 0 0 , 0, 0.0, false, false, -1, true, false, null, 0.0
321.882595, 0.0, U, U, 0.0, 0 0 0 , 0, 0.0, false, false, -1, true, false, null, 0.0
321.891587, 0.0, U, U, 0.0, 0 0 0 , 0, 0.0, false, false, -1, true, false, null, 0.0
321.902546, 0.0, U, U, 0.0, 0 0 0 , 0, 0.0, false, false, -1, true, false, null, 0.0
321.91158, 0.0, U, U, 0.0, 0 0 0 , 0, 0.0, false, false, -1, true, false, null, 0.0
321.922582, 0.0, U, U, 0.0, 0 0 0 , 0, 0.0, false, false, -1, true, false, null, 0.0
321.931592, 0.0, U, U, 0.0, 0 0 0 , 0, 0.0, false, false, -1, true, false, null, 0.0
321.941511, 0.0, U, U, 0.0, 0 0 0 , 0, 0.0, false, false, -1, true, false, null, 0.0
321.951343, 0.0, U, U, 0.0, 0 0 0 , 0, 0.0, false, false, -1, true, false, null, 0.0
321.961397, 0.0, U, U, 0.0, 0 0 0 , 0, 0.0, false, false, -1, true, false, null, 0.0
321.971308, 0.0, U, U, 0.0, 0 0 0 , 0, 0.0, false, false, -1, true, false, null, 0.0
321.982251, 0.0, U, U, 0.0, 0 0 0 , 0, 0.0, false, false, -1, true, false, null, 0.0
321.991185, 0.0, U, U, 0.0, 0 0 0 , 0, 0.0, false, false, -1, true, false, null, 0.0
322.002231, 0.0, U, U, 0.0, 0 0 0 , 0, 0.0, false, false, -1, true, false, null, 0.0
322.012189, 0.0, U, U, 0.0, 0 0 0 , 0, 0.0, false, false, -1, true, false, null, 0.0
322.022247, 0.0, U, U, 0.0, 0 0 0 , 0, 0.0, false, false, -1, true, false, null, 0.0
322.031141, 0.0, U, U, 0.0, 0 0 0 , 0, 0.0, false, false, -1, true, false, null, 0.0
322.042204, 0.0, U, U, 0.0, 0 0 0 , 0, 0.0, false, false, -1, true, false, null, 0.0
322.052272, 0.0, U, U, 0.0, 0 0 0 , 0, 0.0, false, false, -1, true, false, null, 0.0
322.061149, 0.0, U, U, 0.0, 0 0 0 , 0, 0.0, false, false, -1, true, false, null, 0.0
322.071945, 0.0, U, U, 0.0, 0 0 0 , 0, 0.0, false, false, -1, true, false, null, 0.0
322.0819, 0.0, U, U, 0.0, 0 0 0 , 0, 0.0, false, false, -1, true, false, null, 0.0
322.091929, 0.0, U, U, 0.0, 0 0 0 , 0, 0.0, false, false, -1, true, false, null, 0.0
322.101892, 0.0, U, U, 0.0, 0 0 0 , 0, 0.0, false, false, -1, true, false, null, 0.0
322.111832, 0.0, U, U, 0.0, 0 0 0 , 0, 0.0, false, false, -1, true, false, null, 0.0
322.121909, 0.0, U, U, 0.0, 0 0 0 , 0, 0.0, false, false, -1, true, false, null, 0.0
322.131813, 0.0, U, U, 0.0, 0 0 0 , 0, 0.0, false, false, -1, true, false, null, 0.0
322.14191, 0.0, U, U, 0.0, 0 0 0 , 0, 0.0, false, false, -1, true, false, null, 0.0
322.151908, 0.0, U, U, 0.0, 0 0 0 , 0, 0.0, false, false, -1, true, false, null, 0.0
322.161954, 0.0, U, U, 0.0, 0 0 0 , 0, 0.0, false, false, -1, true, false, null, 0.0
322.171162, 0.0, U, U, 0.0, 0 0 0 , 0, 0.0, false, false, -1, true, false, null, 0.0
322.182139, 0.0, U, U, 0.0, 0 0 0 , 0, 0.0, false, false, -1, true, false, null, 0.0
322.192177, 0.0, U, U, 0.0, 0 0 0 , 0, 0.0, false, false, -1, true, false, null, 0.0
322.201078, 0.0, U, U, 0.0, 0 0 0 , 0, 0.0, false, false, -1, true, false, null, 0.0
322.21209, 0.0, U, U, 0.0, 0 0 0 , 0, 0.0, false, false, -1, true, false, null, 0.0
322.222091, 0.0, U, U, 0.0, 0 0 0 , 0, 0.0, false, false, -1, true, false, null, 0.0
322.23192, 0.0, U, U, 0.0, 0 0 0 , 0, 0.0, false, false, -1, true, false, null, 0.0
322.241013, 0.0, U, U, 0.0, 0 0 0 , 0, 0.0, false, false, -1, true, false, null, 0.0
322.252002, 0.0, U, U, 0.0, 0 0 0 , 0, 0.0, false, false, -1, true, false, null, 0.0
322.261054, 0.0, U, U, 0.0, 0 0 0 , 0, 0.0, false, false, -1, true, false, null, 0.0
322.272295, 0.0, U, U, 0.0, 0 0 0 , 0, 0.0, false, false, -1, true, false, null, 0.0
322.282081, 0.0, U, U, 0.0, 0 0 0 , 0, 0.0, false, false, -1, true, false, null, 0.0
322.292365, 0.0, U, U, 0.0, 0 0 0 , 0, 0.0, false, false, -1, true, false, null, 0.0
322.300999, 0.0, U, U, 0.0, 0 0 0 , 0, 0.0, false, false, -1, true, false, null, 0.0
322.31182, 0.0, U, U, 0.0, 0 0 0 , 0, 0.0, false, false, -1, true, false, null, 0.0
322.321729, 0.0, U, U, 0.0, 0 0 0 , 0, 0.0, false, false, -1, true, false, null, 0.0
322.331694, 0.0, U, U, 0.0, 0 0 0 , 0, 0.0, false, false, -1, true, false, null, 0.0
322.341845, 0.0, U, U, 0.0, 0 0 0 , 0, 0.0, false, false, -1, true, false, null, 0.0
322.350738, 0.0, U, U, 0.0, 0 0 0 , 0, 0.0, false, false, -1, true, false, null, 0.0
322.361801, 0.0, U, U, 0.0, 0 0 0 , 0, 0.0, false, false, -1, true, false, null, 0.0
322.376612, 0.0, U, U, 0.0, 0 0 0 , 0, 0.0, false, false, -1, true, false, null, 0.0
322.381696, 0.0, U, U, 0.0, 0 0 0 , 0, 0.0, false, false, -1, true, false, null, 0.0
322.391689, 0.0, U, U, 0.0, 0 0 0 , 0, 0.0, false, false, -1, true, false, null, 0.0
322.401552, 0.0, U, U, 0.0, 0 0 0 , 0, 0.0, false, false, -1, true, false, null, 0.0
322.411603, 0.0, U, U, 0.0, 0 0 0 , 0, 0.0, false, false, -1, true, false, null, 0.0
322.421654, 0.0, U, U, 0.0, 0 0 0 , 0, 0.0, false, false, -1, true, false, null, 0.0
322.431585, 0.0, U, U, 0.0, 0 0 0 , 0, 0.0, false, false, -1, true, false, null, 0.0
322.441542, 0.0, U, U, 0.0, 0 0 0 , 0, 0.0, false, false, -1, true, false, null, 0.0
322.452471, 0.0, U, U, 0.0, 0 0 0 , 0, 0.0, false, false, -1, true, false, null, 0.0
322.461397, 0.0, U, U, 0.0, 0 0 0 , 0, 0.0, false, false, -1, true, false, null, 0.0
322.471299, 0.0, U, U, 0.0, 0 0 0 , 0, 0.0, false, false, -1, true, false, null, 0.0
322.482369, 0.0, U, U, 0.0, 0 0 0 , 0, 0.0, false, false, -1, true, false, null, 0.0
322.491282, 0.0, U, U, 0.0, 0 0 0 , 0, 0.0, false, false, -1, true, false, null, 0.0
322.501254, 0.0, U, U, 0.0, 0 0 0 , 0, 0.0, false, false, -1, true, false, null, 0.0
322.512231, 0.0, U, U, 0.0, 0 0 0 , 0, 0.0, false, false, -1, true, false, null, 0.0
322.52233, 0.0, U, U, 0.0, 0 0 0 , 0, 0.0, false, false, -1, true, false, null, 0.0
322.531159, 0.0, U, U, 0.0, 0 0 0 , 0, 0.0, false, false, -1, true, false, null, 0.0
322.54218, 0.0, U, U, 0.0, 0 0 0 , 0, 0.0, false, false, -1, true, false, null, 0.0
322.552202, 0.0, U, U, 0.0, 0 0 0 , 0, 0.0, false, false, -1, true, false, null, 0.0
322.562158, 0.0, U, U, 0.0, 0 0 0 , 0, 0.0, false, false, -1, true, false, null, 0.0
322.572075, 0.0, U, U, 0.0, 0 0 0 , 0, 0.0, false, false, -1, true, false, null, 0.0
322.582143, 0.0, U, U, 0.0, 0 0 0 , 0, 0.0, false, false, -1, true, false, null, 0.0
322.591994, 0.0, U, U, 0.0, 0 0 0 , 0, 0.0, false, false, -1, true, false, null, 0.0
322.600955, 0.0, U, U, 0.0, 0 0 0 , 0, 0.0, false, false, -1, true, false, null, 0.0
322.612045, 0.0, U, U, 0.0, 0 0 0 , 0, 0.0, false, false, -1, true, false, null, 0.0
322.622, 0.0, U, U, 0.0, 0 0 0 , 0, 0.0, false, false, -1, true, false, null, 0.0
322.63186, 0.0, U, U, 0.0, 0 0 0 , 0, 0.0, false, false, -1, true, false, null, 0.0
322.641979, 0.0, U, U, 0.0, 0 0 0 , 0, 0.0, false, false, -1, true, false, null, 0.0
322.65187, 0.0, U, U, 0.0, 0 0 0 , 0, 0.0, false, false, -1, true, false, null, 0.0
322.661918, 0.0, U, U, 0.0, 0 0 0 , 0, 0.0, false, false, -1, true, false, null, 0.0
322.671787, 0.0, U, U, 0.0, 0 0 0 , 0, 0.0, false, false, -1, true, false, null, 0.0
322.681817, 0.0, U, U, 0.0, 0 0 0 , 0, 0.0, false, false, -1, true, false, null, 0.0
322.692017, 0.0, U, U, 0.0, 0 0 0 , 0, 0.0, false, false, -1, true, false, null, 0.0
322.7017, 0.0, U, U, 0.0, 0 0 0 , 0, 0.0, false, false, -1, true, false, null, 0.0
322.711654, 0.0, U, U, 0.0, 0 0 0 , 0, 0.0, false, false, -1, true, false, null, 0.0
322.721665, 0.0, U, U, 0.0, 0 0 0 , 0, 0.0, false, false, -1, true, false, null, 0.0
322.731752, 0.0, U, U, 0.0, 0 0 0 , 0, 0.0, false, false, -1, true, false, null, 0.0
322.74161, 0.0, U, U, 0.0, 0 0 0 , 0, 0.0, false, false, -1, true, false, null, 0.0
322.752725, 0.0, U, U, 0.0, 0 0 0 , 0, 0.0, false, false, -1, true, false, null, 0.0
322.761603, 0.0, U, U, 0.0, 0 0 0 , 0, 0.0, false, false, -1, true, false, null, 0.0
322.771561, 0.0, U, U, 0.0, 0 0 0 , 0, 0.0, false, false, -1, true, false, null, 0.0
322.78248, 0.0, U, U, 0.0, 0 0 0 , 0, 0.0, false, false, -1, true, false, null, 0.0
322.791649, 0.0, U, U, 0.0, 0 0 0 , 0, 0.0, false, false, -1, true, false, null, 0.0
322.801674, 0.0, U, U, 0.0, 0 0 0 , 0, 0.0, false, false, -1, true, false, null, 0.0
322.830378, 0.0, U, U, 0.0, 0 0 0 , 0, 0.0, false, false, -1, true, false, null, 0.0
322.830639, 0.0, U, U, 0.0, 0 0 0 , 0, 0.0, false, false, -1, true, false, null, 0.0
322.830816, 0.0, U, U, 0.0, 0 0 0 , 0, 0.0, false, false, -1, true, false, null, 0.0
322.842501, 0.0, U, U, 0.0, 0 0 0 , 0, 0.0, false, false, -1, true, false, null, 0.0
